community_name,census_year,population,tier,region,zone,province,is_active,start_date,end_date
Toronto,2000,2731571,Tier 1,Central,Zone A,Ontario,True,2000-01-01T00:00:00,
Vancouver,2000,631486,Tier 1,West,Zone B,British Columbia,True,2000-01-01T00:00:00,
Montreal,2000,1704694,Tier 1,East,Zone C,Quebec,True,2000-01-01T00:00:00,
Calgary,2000,1239220,Tier 2,Prairie,Zone D,Alberta,True,2000-01-01T00:00:00,
Ottawa,2000,934243,Tier 2,Central,Zone E,Ontario,True,2000-01-01T00:00:00,
Edmonton,2000,932546,Tier 2,Prairie,Zone F,Alberta,True,2000-01-01T00:00:00,
Winnipeg,2000,705244,Tier 2,Prairie,Zone G,Manitoba,True,2000-01-01T00:00:00,
Quebec City,2000,531902,Tier 3,East,Zone H,Quebec,True,2000-01-01T00:00:00,
Hamilton,2000,536917,Tier 2,Central,Zone I,Ontario,True,2000-01-01T00:00:00,
Kitchener,2000,256885,Tier 3,Central,Zone J,Ontario,True,2000-01-01T00:00:00,
London,2000,383822,Tier 3,Central,Zone K,Ontario,True,2000-01-01T00:00:00,
Halifax,2000,403131,Tier 3,Atlantic,Zone L,Nova Scotia,True,2000-01-01T00:00:00,
Victoria,2000,363222,Tier 3,West,Zone M,British Columbia,True,2000-01-01T00:00:00,
Saskatoon,2000,273010,Tier 3,Prairie,Zone N,Saskatchewan,True,2000-01-01T00:00:00,
Regina,2000,230935,Tier 3,Prairie,Zone O,Saskatchewan,True,2000-01-01T00:00:00,
St. John's,2000,205955,Tier 4,Atlantic,Zone P,Newfoundland and Labrador,True,2000-01-01T00:00:00,
Kelowna,2000,194882,Tier 4,West,Zone Q,British Columbia,True,2000-01-01T00:00:00,
Barrie,2000,147829,Tier 4,Central,Zone R,Ontario,True,2000-01-01T00:00:00,
Sherbrooke,2000,167105,Tier 4,East,Zone S,Quebec,True,2000-01-01T00:00:00,
Guelph,2000,143740,Tier 4,Central,Zone T,Ontario,True,2000-01-01T00:00:00,
Addington Highlands,2000,2534,Lower Tier,Lennox and Addington County,,Ontario,true,2000-01-01T00:00:00,
Adelaide-Metcalfe,2000,3011,Lower Tier,Middlesex County,,Ontario,true,2000-01-01T00:00:00,
Adjala-Tosorontio,2000,10989,Lower Tier,Simcoe County,,Ontario,true,2000-01-01T00:00:00,
Admaston/Bromley,2000,2995,Lower Tier,Renfrew County,,Ontario,true,2000-01-01T00:00:00,
Ajax,2000,126666,Lower Tier,Durham Region,,Ontario,true,2000-01-01T00:00:00,
Alberton,2000,954,Single Tier,Rainy River District,,Ontario,true,2000-01-01T00:00:00,
Alfred and Plantagenet,2000,9949,Lower Tier,Prescott and Russell,,Ontario,true,2000-01-01T00:00:00,
Algoma - Territorial District,2000,9215,Territorial District,Algoma District,,Ontario,true,2000-01-01T00:00:00,
Algonquin Highlands,2000,2588,Lower Tier,Haliburton County,,Ontario,true,2000-01-01T00:00:00,
Alnwick/Haldimand,2000,7473,Lower Tier,Northumberland County,,Ontario,true,2000-01-01T00:00:00,
Amaranth,2000,4327,Lower Tier,Dufferin County,,Ontario,true,2000-01-01T00:00:00,
Amherstburg,2000,23524,Lower Tier,Essex County,,Ontario,true,2000-01-01T00:00:00,
Armour,2000,1459,Single Tier,Parry Sound District,,Ontario,true,2000-01-01T00:00:00,
Armstrong,2000,1199,Single Tier,Timiskaming District,,Ontario,true,2000-01-01T00:00:00,
Arnprior,2000,9629,Lower Tier,Renfrew County,,Ontario,true,2000-01-01T00:00:00,
Arran-Elderslie,2000,6913,Lower Tier,Bruce County,,Ontario,true,2000-01-01T00:00:00,
Ashfield-Colborne-Wawanosh,2000,5884,Lower Tier,Huron County,,Ontario,true,2000-01-01T00:00:00,
Asphodel-Norwood,2000,4658,Lower Tier,Peterborough County,,Ontario,true,2000-01-01T00:00:00,
Assiginack,2000,1008,Single Tier,Manitoulin District,,Ontario,true,2000-01-01T00:00:00,
Athens,2000,3042,Lower Tier,Leeds and Grenville,,Ontario,true,2000-01-01T00:00:00,
Atikokan,2000,2642,Single Tier,Rainy River District,,Ontario,true,2000-01-01T00:00:00,
Augusta,2000,7386,Lower Tier,Leeds and Grenville,,Ontario,true,2000-01-01T00:00:00,
Brampton,2000,656480,Lower Tier,Peel Region,,Ontario,true,2000-01-01T00:00:00,
Aylmer,2000,7699,Lower Tier,Elgin County,,Ontario,true,2000-01-01T00:00:00,
Baldwin,2000,579,Single Tier,Sudbury District,,Ontario,true,2000-01-01T00:00:00,
Bancroft,2000,4065,Lower Tier,Hastings County,,Ontario,true,2000-01-01T00:00:00,
Barrie,2000,147829,Single Tier,Simcoe County,,Ontario,true,2000-01-01T00:00:00,
Bayham,2000,7096,Lower Tier,Elgin County,,Ontario,true,2000-01-01T00:00:00,
Beckwith,2000,9021,Lower Tier,Lanark County,,Ontario,true,2000-01-01T00:00:00,
Belleville,2000,55071,Single Tier,Hastings County,,Ontario,true,2000-01-01T00:00:00,
Billings,2000,753,Single Tier,Manitoulin District,,Ontario,true,2000-01-01T00:00:00,
Black River-Matheson,2000,2572,Single Tier,Cochrane District,,Ontario,true,2000-01-01T00:00:00,
Blandford-Blenheim,2000,7565,Lower Tier,Oxford County,,Ontario,true,2000-01-01T00:00:00,
Blind River,2000,3422,Single Tier,Algoma District,,Ontario,true,2000-01-01T00:00:00,
Bluewater,2000,7540,Lower Tier,Huron County,,Ontario,true,2000-01-01T00:00:00,
Bonfield,2000,2146,Single Tier,Nipissing District,,Ontario,true,2000-01-01T00:00:00,
Bonnechere Valley,2000,3898,Lower Tier,Renfrew County,,Ontario,true,2000-01-01T00:00:00,
Bracebridge,2000,17305,Lower Tier,Muskoka District,,Ontario,true,2000-01-01T00:00:00,
Bradford West Gwillimbury,2000,42880,Lower Tier,Simcoe County,,Ontario,true,2000-01-01T00:00:00,
Caledon,2000,76581,Lower Tier,Peel Region,,Ontario,true,2000-01-01T00:00:00,
Brant,2000,39474,Single Tier,Brant County,,Ontario,true,2000-01-01T00:00:00,
Brantford,2000,104688,Single Tier,Brant County,,Ontario,true,2000-01-01T00:00:00,
Brethour,2000,105,Single Tier,Timiskaming District,,Ontario,true,2000-01-01T00:00:00,
Brighton,2000,12108,Lower Tier,Northumberland County,,Ontario,true,2000-01-01T00:00:00,
Brock,2000,12567,Lower Tier,Durham Region,,Ontario,true,2000-01-01T00:00:00,
Brockton,2000,9784,Lower Tier,Bruce County,,Ontario,true,2000-01-01T00:00:00,
Brockville,2000,22116,Single Tier,Leeds and Grenville,,Ontario,true,2000-01-01T00:00:00,
Brooke-Alvinston,2000,2359,Lower Tier,Lambton County,,Ontario,true,2000-01-01T00:00:00,
Bruce Mines,2000,582,Single Tier,Algoma District,,Ontario,true,2000-01-01T00:00:00,
"Brudenell, Lyndoch and Raglan",2000,1552,Lower Tier,Renfrew County,,Ontario,true,2000-01-01T00:00:00,
Burk's Falls,2000,957,Single Tier,Parry Sound District,,Ontario,true,2000-01-01T00:00:00,
Burlington,2000,186948,Lower Tier,Halton Region,,Ontario,true,2000-01-01T00:00:00,
Burpee and Mills,2000,382,Single Tier,Manitoulin District,,Ontario,true,2000-01-01T00:00:00,
Mississauga,2000,717961,Lower Tier,Peel Region,,Ontario,true,2000-01-01T00:00:00,
Callander,2000,3964,Single Tier,Parry Sound District,,Ontario,true,2000-01-01T00:00:00,
Calvin,2000,557,Single Tier,Nipissing District,,Ontario,true,2000-01-01T00:00:00,
Cambridge,2000,138479,Lower Tier,Waterloo Region,,Ontario,true,2000-01-01T00:00:00,
Carleton Place,2000,12517,Lower Tier,Lanark County,,Ontario,true,2000-01-01T00:00:00,
Carling,2000,1491,Single Tier,Parry Sound District,,Ontario,true,2000-01-01T00:00:00,
Carlow/Mayo,2000,953,Lower Tier,Hastings County,,Ontario,true,2000-01-01T00:00:00,
Casey,2000,341,Single Tier,Timiskaming District,,Ontario,true,2000-01-01T00:00:00,
Casselman,2000,3960,Lower Tier,Prescott and Russell,,Ontario,true,2000-01-01T00:00:00,
Cavan-Monaghan,2000,10016,Lower Tier,Peterborough County,,Ontario,true,2000-01-01T00:00:00,
Central Elgin,2000,13746,Lower Tier,Elgin County,,Ontario,true,2000-01-01T00:00:00,
Central Frontenac,2000,4892,Lower Tier,Frontenac County,,Ontario,true,2000-01-01T00:00:00,
Central Huron,2000,7799,Lower Tier,Huron County,,Ontario,true,2000-01-01T00:00:00,
Central Manitoulin,2000,2235,Single Tier,Manitoulin District,,Ontario,true,2000-01-01T00:00:00,
Centre Hastings,2000,4801,Lower Tier,Hastings County,,Ontario,true,2000-01-01T00:00:00,
Centre Wellington,2000,31093,Lower Tier,Wellington County,,Ontario,true,2000-01-01T00:00:00,
Chamberlain,2000,311,Single Tier,Timiskaming District,,Ontario,true,2000-01-01T00:00:00,
Champlain,2000,8665,Lower Tier,Prescott and Russell,,Ontario,true,2000-01-01T00:00:00,
Chapleau,2000,1942,Single Tier,Sudbury District,,Ontario,true,2000-01-01T00:00:00,
Chapple,2000,763,Single Tier,Rainy River District,,Ontario,true,2000-01-01T00:00:00,
Charlton and Dack,2000,686,Single Tier,Timiskaming District,,Ontario,true,2000-01-01T00:00:00,
Chatham-Kent,2000,103988,Single Tier,Kent County,,Ontario,true,2000-01-01T00:00:00,
Chatsworth,2000,7080,Lower Tier,Grey County,,Ontario,true,2000-01-01T00:00:00,
Chisholm,2000,1312,Single Tier,Nipissing District,,Ontario,true,2000-01-01T00:00:00,
Clarence-Rockland,2000,26505,Lower Tier,Prescott and Russell,,Ontario,true,2000-01-01T00:00:00,
Clarington,2000,101427,Lower Tier,Durham Region,,Ontario,true,2000-01-01T00:00:00,
Clearview,2000,14814,Lower Tier,Simcoe County,,Ontario,true,2000-01-01T00:00:00,
Cobalt,2000,989,Single Tier,Timiskaming District,,Ontario,true,2000-01-01T00:00:00,
Cobourg,2000,20519,Lower Tier,Northumberland County,,Ontario,true,2000-01-01T00:00:00,
Cochrane,2000,5390,Single Tier,Cochrane District,,Ontario,true,2000-01-01T00:00:00,
Cochrane - Territorial District,2000,5752,Territorial District,Cochrane District,,Ontario,true,2000-01-01T00:00:00,
Cockburn Island,2000,16,Single Tier,Manitoulin District,,Ontario,true,2000-01-01T00:00:00,
Coleman,2000,517,Single Tier,Timiskaming District,,Ontario,true,2000-01-01T00:00:00,
Collingwood,2000,24811,Lower Tier,Simcoe County,,Ontario,true,2000-01-01T00:00:00,
Conmee,2000,798,Single Tier,Thunderbay District,,Ontario,true,2000-01-01T00:00:00,
Cornwall,2000,47845,Single Tier,"Stormont, Dundas and Glengarry",,Ontario,true,2000-01-01T00:00:00,
Cramahe,2000,6509,Lower Tier,Northumberland County,,Ontario,true,2000-01-01T00:00:00,
Dawn-Euphemia,2000,1968,Lower Tier,Lambton County,,Ontario,true,2000-01-01T00:00:00,
Dawson,2000,399,Single Tier,Rainy River District,,Ontario,true,2000-01-01T00:00:00,
Deep River,2000,4175,Lower Tier,Renfrew County,,Ontario,true,2000-01-01T00:00:00,
Deseronto,2000,1747,Lower Tier,Hastings County,,Ontario,true,2000-01-01T00:00:00,
Dorion,2000,375,Single Tier,Thunderbay District,,Ontario,true,2000-01-01T00:00:00,
Douro-Dummer,2000,7632,Lower Tier,Peterborough County,,Ontario,true,2000-01-01T00:00:00,
Drummond/North Elmsley,2000,8183,Lower Tier,Lanark County,,Ontario,true,2000-01-01T00:00:00,
Dryden,2000,7388,Single Tier,Kenora District,,Ontario,true,2000-01-01T00:00:00,
Dubreuilville,2000,576,Single Tier,Algoma District,,Ontario,true,2000-01-01T00:00:00,
Dutton/Dunwich,2000,4152,Lower Tier,Elgin County,,Ontario,true,2000-01-01T00:00:00,
"Dysart, Dudley, Harcourt, Guilford, Harburn, Bruton, Havelock, Eyre and Clyde",2000,7182,Lower Tier,Haliburton County,,Ontario,true,2000-01-01T00:00:00,
Ear Falls,2000,924,Single Tier,Kenora District,,Ontario,true,2000-01-01T00:00:00,
East Ferris,2000,4946,Single Tier,Nipissing District,,Ontario,true,2000-01-01T00:00:00,
East Garafraxa,2000,2794,Lower Tier,Dufferin County,,Ontario,true,2000-01-01T00:00:00,
Toronto,2000,2794356,Single Tier,Toronto,,Ontario,true,2000-01-01T00:00:00,
East Hawkesbury,2000,3418,Lower Tier,Prescott and Russell,,Ontario,true,2000-01-01T00:00:00,
East Zorra-Tavistock,2000,7841,Lower Tier,Oxford County,,Ontario,true,2000-01-01T00:00:00,
Edwardsburgh/Cardinal,2000,7505,Lower Tier,Leeds and Grenville,,Ontario,true,2000-01-01T00:00:00,
Elizabethtown-Kitley,2000,9545,Lower Tier,Leeds and Grenville,,Ontario,true,2000-01-01T00:00:00,
Elliot Lake,2000,11372,Single Tier,Algoma District,,Ontario,true,2000-01-01T00:00:00,
Emo,2000,1204,Single Tier,Rainy River District,,Ontario,true,2000-01-01T00:00:00,
Englehart,2000,1442,Single Tier,Timiskaming District,,Ontario,true,2000-01-01T00:00:00,
Enniskillen,2000,2825,Lower Tier,Lambton County,,Ontario,true,2000-01-01T00:00:00,
Erin,2000,11981,Lower Tier,Wellington County,,Ontario,true,2000-01-01T00:00:00,
Espanola,2000,5185,Single Tier,Sudbury District,,Ontario,true,2000-01-01T00:00:00,
Essa,2000,22970,Lower Tier,Simcoe County,,Ontario,true,2000-01-01T00:00:00,
Essex,2000,21216,Lower Tier,Essex County,,Ontario,true,2000-01-01T00:00:00,
Evanturel,2000,502,Single Tier,Timiskaming District,,Ontario,true,2000-01-01T00:00:00,
Faraday,2000,1612,Lower Tier,Hastings County,,Ontario,true,2000-01-01T00:00:00,
Fauquier-Strickland,2000,467,Single Tier,Cochrane District,,Ontario,true,2000-01-01T00:00:00,
Fort Erie,2000,32901,Lower Tier,Niagara Region,,Ontario,true,2000-01-01T00:00:00,
Fort Frances,2000,7466,Single Tier,Rainy River District,,Ontario,true,2000-01-01T00:00:00,
French River,2000,2828,Single Tier,Sudbury District,,Ontario,true,2000-01-01T00:00:00,
Front of Yonge,2000,2595,Lower Tier,Leeds and Grenville,,Ontario,true,2000-01-01T00:00:00,
Frontenac Islands,2000,1930,Lower Tier,Frontenac County,,Ontario,true,2000-01-01T00:00:00,
Gananoque,2000,5383,Single Tier,Leeds and Grenville,,Ontario,true,2000-01-01T00:00:00,
Gauthier,2000,151,Single Tier,Timiskaming District,,Ontario,true,2000-01-01T00:00:00,
Georgian Bay,2000,3441,Lower Tier,Muskoka District,,Ontario,true,2000-01-01T00:00:00,
Georgian Bluffs,2000,11100,Lower Tier,Grey County,,Ontario,true,2000-01-01T00:00:00,
Aurora,2000,62057,Lower Tier,York Region,,Ontario,true,2000-01-01T00:00:00,
Gillies,2000,441,Single Tier,Thunderbay District,,Ontario,true,2000-01-01T00:00:00,
Goderich,2000,7881,Lower Tier,Huron County,,Ontario,true,2000-01-01T00:00:00,
Gordon/Barrie Island,2000,613,Single Tier,Manitoulin District,,Ontario,true,2000-01-01T00:00:00,
Gore Bay,2000,808,Single Tier,Manitoulin District,,Ontario,true,2000-01-01T00:00:00,
Grand Valley,2000,3851,Lower Tier,Dufferin County,,Ontario,true,2000-01-01T00:00:00,
Gravenhurst,2000,13157,Lower Tier,Muskoka District,,Ontario,true,2000-01-01T00:00:00,
Greater Madawaska,2000,2864,Lower Tier,Renfrew County,,Ontario,true,2000-01-01T00:00:00,
Greater Napanee,2000,16879,Lower Tier,Lennox and Addington County,,Ontario,true,2000-01-01T00:00:00,
Greater Sudbury,2000,166004,Single Tier,Sudbury Regional Municipality,,Ontario,true,2000-01-01T00:00:00,
Greenstone,2000,4309,Single Tier,Thunderbay District,,Ontario,true,2000-01-01T00:00:00,
Grey Highlands,2000,10424,Lower Tier,Grey County,,Ontario,true,2000-01-01T00:00:00,
Grimsby,2000,28883,Lower Tier,Niagara Region,,Ontario,true,2000-01-01T00:00:00,
Guelph,2000,143740,Single Tier,Wellington County,,Ontario,true,2000-01-01T00:00:00,
Guelph/Eramosa,2000,13904,Lower Tier,Wellington County,,Ontario,true,2000-01-01T00:00:00,
Haldimand,2000,49216,Single Tier,Haldimand-Norfolk Region,,Ontario,true,2000-01-01T00:00:00,
Halton Hills,2000,62951,Lower Tier,Halton Region,,Ontario,true,2000-01-01T00:00:00,
Hamilton,2000,569353,Single Tier,Hamilton-Wentworth Region,,Ontario,true,2000-01-01T00:00:00,
Hamilton/Northumberland,2000,11059,Lower Tier,Northumberland County,,Ontario,true,2000-01-01T00:00:00,
Hanover,2000,7967,Lower Tier,Grey County,,Ontario,true,2000-01-01T00:00:00,
Harley,2000,524,Single Tier,Timiskaming District,,Ontario,true,2000-01-01T00:00:00,
Harris,2000,530,Single Tier,Timiskaming District,,Ontario,true,2000-01-01T00:00:00,
Hastings Highlands,2000,4385,Lower Tier,Hastings County,,Ontario,true,2000-01-01T00:00:00,
Havelock-Belmont-Methuen,2000,5083,Lower Tier,Peterborough County,,Ontario,true,2000-01-01T00:00:00,
Hawkesbury,2000,10194,Lower Tier,Prescott and Russell,,Ontario,true,2000-01-01T00:00:00,
"Head, Clara and Maria",2000,267,Lower Tier,Renfrew County,,Ontario,true,2000-01-01T00:00:00,
Hearst,2000,4794,Single Tier,Cochrane District,,Ontario,true,2000-01-01T00:00:00,
Highlands East,2000,3830,Lower Tier,Haliburton County,,Ontario,true,2000-01-01T00:00:00,
Hilliard,2000,215,Single Tier,Timiskaming District,,Ontario,true,2000-01-01T00:00:00,
Hilton,2000,382,Territorial District,Algoma District,,Ontario,true,2000-01-01T00:00:00,
Hilton Beach,2000,198,Single Tier,Algoma District,,Ontario,true,2000-01-01T00:00:00,
Hornepayne,2000,968,Single Tier,Algoma District,,Ontario,true,2000-01-01T00:00:00,
Horton,2000,3182,Lower Tier,Renfrew County,,Ontario,true,2000-01-01T00:00:00,
Howick,2000,4045,Lower Tier,Huron County,,Ontario,true,2000-01-01T00:00:00,
Hudson,2000,530,Single Tier,Timiskaming District,,Ontario,true,2000-01-01T00:00:00,
Huntsville,2000,21147,Lower Tier,Muskoka District,,Ontario,true,2000-01-01T00:00:00,
Huron East,2000,9512,Lower Tier,Huron County,,Ontario,true,2000-01-01T00:00:00,
Huron Shores,2000,1860,Single Tier,Algoma District,,Ontario,true,2000-01-01T00:00:00,
Huron-Kinloss,2000,7723,Lower Tier,Bruce County,,Ontario,true,2000-01-01T00:00:00,
Ignace,2000,1206,Single Tier,Kenora District,,Ontario,true,2000-01-01T00:00:00,
Ingersoll,2000,13693,Lower Tier,Oxford County,,Ontario,true,2000-01-01T00:00:00,
Innisfil,2000,43326,Lower Tier,Simcoe County,,Ontario,true,2000-01-01T00:00:00,
Iroquois Falls,2000,4418,Single Tier,Cochrane District,,Ontario,true,2000-01-01T00:00:00,
James,2000,348,Single Tier,Timiskaming District,,Ontario,true,2000-01-01T00:00:00,
Jocelyn,2000,314,Single Tier,Algoma District,,Ontario,true,2000-01-01T00:00:00,
Johnson,2000,749,Single Tier,Algoma District,,Ontario,true,2000-01-01T00:00:00,
Joly,2000,293,Single Tier,Parry Sound District,,Ontario,true,2000-01-01T00:00:00,
Kapuskasing,2000,8057,Single Tier,Cochrane District,,Ontario,true,2000-01-01T00:00:00,
Kawartha Lakes,2000,79247,Single Tier,Victoria County,,Ontario,true,2000-01-01T00:00:00,
Kearney,2000,974,Single Tier,Parry Sound District,,Ontario,true,2000-01-01T00:00:00,
Kenora,2000,14967,Single Tier,Kenora District,,Ontario,true,2000-01-01T00:00:00,
Kenora - Territorial District,2000,29445,Territorial District,Kenora District,,Ontario,true,2000-01-01T00:00:00,
Kerns,2000,330,Single Tier,Timiskaming District,,Ontario,true,2000-01-01T00:00:00,
"Killaloe, Hagarty and Richards",2000,2410,Lower Tier,Renfrew County,,Ontario,true,2000-01-01T00:00:00,
Killarney,2000,397,Single Tier,Sudbury District,,Ontario,true,2000-01-01T00:00:00,
Kincardine,2000,12268,Lower Tier,Bruce County,,Ontario,true,2000-01-01T00:00:00,
East Gwillimbury,2000,34637,Lower Tier,York Region,,Ontario,true,2000-01-01T00:00:00,
Kingston,2000,132485,Single Tier,Frontenac County,,Ontario,true,2000-01-01T00:00:00,
Kingsville,2000,22119,Lower Tier,Essex County,,Ontario,true,2000-01-01T00:00:00,
Kirkland Lake,2000,7750,Single Tier,Timiskaming District,,Ontario,true,2000-01-01T00:00:00,
Kitchener,2000,256885,Lower Tier,Waterloo Region,,Ontario,true,2000-01-01T00:00:00,
La Vallee,2000,788,Single Tier,Rainy River District,,Ontario,true,2000-01-01T00:00:00,
Laird,2000,1121,Single Tier,Algoma District,,Ontario,true,2000-01-01T00:00:00,
Lake of Bays,2000,3759,Lower Tier,Muskoka District,,Ontario,true,2000-01-01T00:00:00,
Lake of the Woods,2000,308,Single Tier,Rainy River District,,Ontario,true,2000-01-01T00:00:00,
Lakeshore,2000,40410,Lower Tier,Essex County,,Ontario,true,2000-01-01T00:00:00,
Lambton Shores,2000,11876,Lower Tier,Lambton County,,Ontario,true,2000-01-01T00:00:00,
Lanark Highlands,2000,5737,Lower Tier,Lanark County,,Ontario,true,2000-01-01T00:00:00,
Larder Lake,2000,745,Single Tier,Timiskaming District,,Ontario,true,2000-01-01T00:00:00,
LaSalle,2000,32721,Lower Tier,Essex County,,Ontario,true,2000-01-01T00:00:00,
Latchford,2000,355,Single Tier,Timiskaming District,,Ontario,true,2000-01-01T00:00:00,
Laurentian Hills,2000,2885,Lower Tier,Renfrew County,,Ontario,true,2000-01-01T00:00:00,
Laurentian Valley,2000,9450,Lower Tier,Renfrew County,,Ontario,true,2000-01-01T00:00:00,
Leamington,2000,29680,Lower Tier,Essex County,,Ontario,true,2000-01-01T00:00:00,
Leeds and the Thousand Islands,2000,9804,Lower Tier,Leeds and Grenville,,Ontario,true,2000-01-01T00:00:00,
Limerick,2000,436,Lower Tier,Hastings County,,Ontario,true,2000-01-01T00:00:00,
Lincoln,2000,25719,Lower Tier,Niagara Region,,Ontario,true,2000-01-01T00:00:00,
London,2000,422324,Single Tier,Middlesex County,,Ontario,true,2000-01-01T00:00:00,
Loyalist,2000,17943,Lower Tier,Lennox and Addington County,,Ontario,true,2000-01-01T00:00:00,
Lucan Biddulph,2000,5680,Lower Tier,Middlesex County,,Ontario,true,2000-01-01T00:00:00,
"Macdonald, Meredith and Aberdeen Additional",2000,1513,Single Tier,Algoma District,,Ontario,true,2000-01-01T00:00:00,
Machar,2000,969,Single Tier,Parry Sound District,,Ontario,true,2000-01-01T00:00:00,
Machin,2000,1012,Single Tier,Kenora District,,Ontario,true,2000-01-01T00:00:00,
Madawaska Valley,2000,3927,Lower Tier,Renfrew County,,Ontario,true,2000-01-01T00:00:00,
Madoc,2000,2233,Lower Tier,Hastings County,,Ontario,true,2000-01-01T00:00:00,
Magnetawan,2000,1753,Single Tier,Parry Sound District,,Ontario,true,2000-01-01T00:00:00,
Malahide,2000,9308,Lower Tier,Elgin County,,Ontario,true,2000-01-01T00:00:00,
Manitoulin - Territorial District,2000,5029,Territorial District,Manitoulin District,,Ontario,true,2000-01-01T00:00:00,
Manitouwadge,2000,1974,Single Tier,Thunderbay District,,Ontario,true,2000-01-01T00:00:00,
Mapleton,2000,10839,Lower Tier,Wellington County,,Ontario,true,2000-01-01T00:00:00,
Marathon,2000,3138,Single Tier,Thunderbay District,,Ontario,true,2000-01-01T00:00:00,
Georgina,2000,47642,Lower Tier,York Region,,Ontario,true,2000-01-01T00:00:00,
Markstay-Warren,2000,2708,Single Tier,Sudbury District,,Ontario,true,2000-01-01T00:00:00,
Marmora and Lake,2000,4267,Lower Tier,Hastings County,,Ontario,true,2000-01-01T00:00:00,
Matachewan,2000,268,Single Tier,Timiskaming District,,Ontario,true,2000-01-01T00:00:00,
Mattawa,2000,1881,Single Tier,Nipissing District,,Ontario,true,2000-01-01T00:00:00,
Mattawan,2000,153,Single Tier,Nipissing District,,Ontario,true,2000-01-01T00:00:00,
Mattice-Val Côté,2000,542,Single Tier,Cochrane District,,Ontario,true,2000-01-01T00:00:00,
McDougall,2000,2744,Single Tier,Parry Sound District,,Ontario,true,2000-01-01T00:00:00,
McGarry,2000,579,Single Tier,Timiskaming District,,Ontario,true,2000-01-01T00:00:00,
McKellar,2000,1419,Single Tier,Parry Sound District,,Ontario,true,2000-01-01T00:00:00,
McMurrich/Monteith,2000,907,Single Tier,Parry Sound District,,Ontario,true,2000-01-01T00:00:00,
McNab/Braeside,2000,7591,Lower Tier,Renfrew County,,Ontario,true,2000-01-01T00:00:00,
Meaford,2000,11485,Lower Tier,Grey County,,Ontario,true,2000-01-01T00:00:00,
Melancthon,2000,3132,Lower Tier,Dufferin County,,Ontario,true,2000-01-01T00:00:00,
Merrickville-Wolford,2000,3135,Lower Tier,Leeds and Grenville,,Ontario,true,2000-01-01T00:00:00,
Middlesex Centre,2000,18928,Lower Tier,Middlesex County,,Ontario,true,2000-01-01T00:00:00,
Midland,2000,17817,Lower Tier,Simcoe County,,Ontario,true,2000-01-01T00:00:00,
Milton,2000,132979,Lower Tier,Halton Region,,Ontario,true,2000-01-01T00:00:00,
Minden Hills,2000,6971,Lower Tier,Haliburton County,,Ontario,true,2000-01-01T00:00:00,
Minto,2000,9094,Lower Tier,Wellington County,,Ontario,true,2000-01-01T00:00:00,
King,2000,27333,Lower Tier,York Region,,Ontario,true,2000-01-01T00:00:00,
Mississippi Mills,2000,14740,Lower Tier,Lanark County,,Ontario,true,2000-01-01T00:00:00,
Mono,2000,9421,Lower Tier,Dufferin County,,Ontario,true,2000-01-01T00:00:00,
Montague,2000,3914,Lower Tier,Lanark County,,Ontario,true,2000-01-01T00:00:00,
Moonbeam,2000,1157,Single Tier,Cochrane District,,Ontario,true,2000-01-01T00:00:00,
Moosonee,2000,1512,Single Tier,Cochrane District,,Ontario,true,2000-01-01T00:00:00,
Morley,2000,493,Single Tier,Rainy River District,,Ontario,true,2000-01-01T00:00:00,
Morris-Turnberry,2000,3590,Lower Tier,Huron County,,Ontario,true,2000-01-01T00:00:00,
Mulmur,2000,3571,Lower Tier,Dufferin County,,Ontario,true,2000-01-01T00:00:00,
Muskoka - Territorial District,2000,213,Territorial District,Muskoka District,,Ontario,true,2000-01-01T00:00:00,
Muskoka Lakes,2000,7652,Lower Tier,Muskoka District,,Ontario,true,2000-01-01T00:00:00,
Nairn and Hyman,2000,373,Single Tier,Sudbury District,,Ontario,true,2000-01-01T00:00:00,
Neebing,2000,2241,Single Tier,Thunderbay District,,Ontario,true,2000-01-01T00:00:00,
New Tecumseth,2000,43948,Lower Tier,Simcoe County,,Ontario,true,2000-01-01T00:00:00,
Newbury,2000,440,Lower Tier,Middlesex County,,Ontario,true,2000-01-01T00:00:00,
Markham,2000,338503,Lower Tier,York Region,,Ontario,true,2000-01-01T00:00:00,
Niagara Falls,2000,94415,Lower Tier,Niagara Region,,Ontario,true,2000-01-01T00:00:00,
Niagara-on-the-Lake,2000,19088,Lower Tier,Niagara Region,,Ontario,true,2000-01-01T00:00:00,
Nipigon,2000,1473,Single Tier,Thunderbay District,,Ontario,true,2000-01-01T00:00:00,
Nipissing,2000,1769,Single Tier,Parry Sound District,,Ontario,true,2000-01-01T00:00:00,
Nipissing - Territorial District,2000,3577,Territorial District,Nipissing District,,Ontario,true,2000-01-01T00:00:00,
Norfolk,2000,67490,Single Tier,Haldimand-Norfolk Region,,Ontario,true,2000-01-01T00:00:00,
North Algona Wilberforce,2000,3111,Lower Tier,Renfrew County,,Ontario,true,2000-01-01T00:00:00,
North Bay,2000,52662,Single Tier,Nipissing District,,Ontario,true,2000-01-01T00:00:00,
North Dumfries,2000,10619,Lower Tier,Waterloo Region,,Ontario,true,2000-01-01T00:00:00,
North Dundas,2000,11304,Lower Tier,"Stormont, Dundas and Glengarry",,Ontario,true,2000-01-01T00:00:00,
North Frontenac,2000,2285,Lower Tier,Frontenac County,,Ontario,true,2000-01-01T00:00:00,
North Glengarry,2000,10144,Lower Tier,"Stormont, Dundas and Glengarry",,Ontario,true,2000-01-01T00:00:00,
North Grenville,2000,17964,Lower Tier,Leeds and Grenville,,Ontario,true,2000-01-01T00:00:00,
North Huron,2000,5052,Lower Tier,Huron County,,Ontario,true,2000-01-01T00:00:00,
North Kawartha,2000,2877,Lower Tier,Peterborough County,,Ontario,true,2000-01-01T00:00:00,
North Middlesex,2000,6307,Lower Tier,Middlesex County,,Ontario,true,2000-01-01T00:00:00,
North Perth,2000,15538,Lower Tier,Perth County,,Ontario,true,2000-01-01T00:00:00,
North Stormont,2000,7400,Lower Tier,"Stormont, Dundas and Glengarry",,Ontario,true,2000-01-01T00:00:00,
Northeastern Manitoulin and the Islands,2000,2641,Single Tier,Manitoulin District,,Ontario,true,2000-01-01T00:00:00,
Northern Bruce Peninsula,2000,4404,Lower Tier,Bruce County,,Ontario,true,2000-01-01T00:00:00,
Norwich,2000,11151,Lower Tier,Oxford County,,Ontario,true,2000-01-01T00:00:00,
Oakville,2000,213759,Lower Tier,Halton Region,,Ontario,true,2000-01-01T00:00:00,
O'Connor,2000,689,Single Tier,Thunderbay District,,Ontario,true,2000-01-01T00:00:00,
Oil Springs,2000,647,Lower Tier,Lambton County,,Ontario,true,2000-01-01T00:00:00,
Oliver Paipoonge,2000,6035,Single Tier,Thunderbay District,,Ontario,true,2000-01-01T00:00:00,
Opasatika,2000,200,Single Tier,Cochrane District,,Ontario,true,2000-01-01T00:00:00,
Orangeville,2000,30167,Lower Tier,Dufferin County,,Ontario,true,2000-01-01T00:00:00,
Orillia,2000,33411,Single Tier,Simcoe County,,Ontario,true,2000-01-01T00:00:00,
Oro-Medonte,2000,23017,Lower Tier,Simcoe County,,Ontario,true,2000-01-01T00:00:00,
Oshawa,2000,175383,Lower Tier,Durham Region,,Ontario,true,2000-01-01T00:00:00,
Otonabee-South Monaghan,2000,7087,Lower Tier,Peterborough County,,Ontario,true,2000-01-01T00:00:00,
Ottawa,2000,1017449,Single Tier,Ottawa-Carleton,,Ontario,true,2000-01-01T00:00:00,
Owen Sound,2000,21612,Lower Tier,Grey County,,Ontario,true,2000-01-01T00:00:00,
Papineau-Cameron,2000,982,Single Tier,Nipissing District,,Ontario,true,2000-01-01T00:00:00,
Parry Sound,2000,6879,Single Tier,Parry Sound District,,Ontario,true,2000-01-01T00:00:00,
Parry Sound - Territorial District,2000,3651,Territorial District,Parry Sound District,,Ontario,true,2000-01-01T00:00:00,
Pelee,2000,230,Single Tier,Essex County,,Ontario,true,2000-01-01T00:00:00,
Pelham,2000,18192,Lower Tier,Niagara Region,,Ontario,true,2000-01-01T00:00:00,
Pembroke,2000,14364,Single Tier,Renfrew County,,Ontario,true,2000-01-01T00:00:00,
Penetanguishene,2000,10077,Lower Tier,Simcoe County,,Ontario,true,2000-01-01T00:00:00,
Perry,2000,2650,Single Tier,Parry Sound District,,Ontario,true,2000-01-01T00:00:00,
Perth,2000,6469,Lower Tier,Lanark County,,Ontario,true,2000-01-01T00:00:00,
Perth East,2000,12595,Lower Tier,Perth County,,Ontario,true,2000-01-01T00:00:00,
Perth South,2000,3776,Lower Tier,Perth County,,Ontario,true,2000-01-01T00:00:00,
Petawawa,2000,18160,Lower Tier,Renfrew County,,Ontario,true,2000-01-01T00:00:00,
Peterborough,2000,83651,Single Tier,Peterborough County,,Ontario,true,2000-01-01T00:00:00,
Petrolia,2000,6013,Lower Tier,Lambton County,,Ontario,true,2000-01-01T00:00:00,
Pickering,2000,99186,Lower Tier,Durham Region,,Ontario,true,2000-01-01T00:00:00,
Pickle Lake,2000,398,Single Tier,Kenora District,,Ontario,true,2000-01-01T00:00:00,
Plummer Additional,2000,757,Single Tier,Algoma District,,Ontario,true,2000-01-01T00:00:00,
Plympton-Wyoming,2000,8308,Lower Tier,Lambton County,,Ontario,true,2000-01-01T00:00:00,
Point Edward,2000,1930,Lower Tier,Lambton County,,Ontario,true,2000-01-01T00:00:00,
Port Colborne,2000,20033,Lower Tier,Niagara Region,,Ontario,true,2000-01-01T00:00:00,
Port Hope,2000,17294,Lower Tier,Northumberland County,,Ontario,true,2000-01-01T00:00:00,
Powassan,2000,3346,Single Tier,Parry Sound District,,Ontario,true,2000-01-01T00:00:00,
Prescott,2000,4078,Single Tier,Leeds and Grenville,,Ontario,true,2000-01-01T00:00:00,
Prince,2000,975,Single Tier,Algoma District,,Ontario,true,2000-01-01T00:00:00,
Prince Edward,2000,25704,Single Tier,Prescott and Russell,,Ontario,true,2000-01-01T00:00:00,
Puslinch,2000,7944,Lower Tier,Wellington County,,Ontario,true,2000-01-01T00:00:00,
Quinte West,2000,46560,Single Tier,Hastings County,,Ontario,true,2000-01-01T00:00:00,
Rainy River,2000,752,Single Tier,Rainy River District,,Ontario,true,2000-01-01T00:00:00,
Rainy River - Territorial District,2000,3668,Territorial District,Rainy River District,,Ontario,true,2000-01-01T00:00:00,
Ramara,2000,10377,Lower Tier,Simcoe County,,Ontario,true,2000-01-01T00:00:00,
Red Lake,2000,4094,Single Tier,Kenora District,,Ontario,true,2000-01-01T00:00:00,
Red Rock,2000,895,Single Tier,Thunderbay District,,Ontario,true,2000-01-01T00:00:00,
Renfrew,2000,8190,Lower Tier,Renfrew County,,Ontario,true,2000-01-01T00:00:00,
Newmarket,2000,87942,Lower Tier,York Region,,Ontario,true,2000-01-01T00:00:00,
Rideau Lakes,2000,10883,Lower Tier,Leeds and Grenville,,Ontario,true,2000-01-01T00:00:00,
Russell,2000,19598,Lower Tier,Prescott and Russell,,Ontario,true,2000-01-01T00:00:00,
Ryerson,2000,745,Single Tier,Parry Sound District,,Ontario,true,2000-01-01T00:00:00,
Sables-Spanish Rivers,2000,3237,Single Tier,Sudbury District,,Ontario,true,2000-01-01T00:00:00,
Sarnia,2000,72047,Lower Tier,Lambton County,,Ontario,true,2000-01-01T00:00:00,
Saugeen Shores,2000,15908,Lower Tier,Bruce County,,Ontario,true,2000-01-01T00:00:00,
Sault Ste. Marie,2000,72051,Single Tier,Algoma District,,Ontario,true,2000-01-01T00:00:00,
Schreiber,2000,1039,Single Tier,Thunderbay District,,Ontario,true,2000-01-01T00:00:00,
Scugog,2000,21581,Lower Tier,Durham Region,,Ontario,true,2000-01-01T00:00:00,
Seguin,2000,5280,Single Tier,Parry Sound District,,Ontario,true,2000-01-01T00:00:00,
Selwyn,2000,18653,Lower Tier,Peterborough County,,Ontario,true,2000-01-01T00:00:00,
Severn,2000,14576,Lower Tier,Simcoe County,,Ontario,true,2000-01-01T00:00:00,
Shelburne,2000,8994,Lower Tier,Dufferin County,,Ontario,true,2000-01-01T00:00:00,
Shuniah,2000,3247,,Thunderbay District,,Ontario,true,2000-01-01T00:00:00,
Sioux Lookout,2000,5839,Single Tier,Kenora District,,Ontario,true,2000-01-01T00:00:00,
Sioux Narrows-Nestor Falls,2000,727,Single Tier,Kenora District,,Ontario,true,2000-01-01T00:00:00,
Smiths Falls,2000,9254,Single Tier,Lanark County,,Ontario,true,2000-01-01T00:00:00,
Smooth Rock Falls,2000,1200,Single Tier,Cochrane District,,Ontario,true,2000-01-01T00:00:00,
South Algonquin,2000,1055,Single Tier,Nipissing District,,Ontario,true,2000-01-01T00:00:00,
South Bruce,2000,5880,Lower Tier,Bruce County,,Ontario,true,2000-01-01T00:00:00,
South Bruce Peninsula,2000,9137,Lower Tier,Bruce County,,Ontario,true,2000-01-01T00:00:00,
South Dundas,2000,11044,Lower Tier,"Stormont, Dundas and Glengarry",,Ontario,true,2000-01-01T00:00:00,
South Frontenac,2000,20188,Lower Tier,Frontenac County,,Ontario,true,2000-01-01T00:00:00,
South Glengarry,2000,13330,Lower Tier,"Stormont, Dundas and Glengarry",,Ontario,true,2000-01-01T00:00:00,
South Huron,2000,10063,Lower Tier,Huron County,,Ontario,true,2000-01-01T00:00:00,
South River,2000,1101,Single Tier,Parry Sound District,,Ontario,true,2000-01-01T00:00:00,
South Stormont,2000,13570,Lower Tier,"Stormont, Dundas and Glengarry",,Ontario,true,2000-01-01T00:00:00,
Southgate,2000,8716,Lower Tier,Grey County,,Ontario,true,2000-01-01T00:00:00,
Southwest Middlesex,2000,5893,Lower Tier,Middlesex County,,Ontario,true,2000-01-01T00:00:00,
South-West Oxford,2000,7583,Lower Tier,Oxford County,,Ontario,true,2000-01-01T00:00:00,
Southwold,2000,4851,Lower Tier,Elgin County,,Ontario,true,2000-01-01T00:00:00,
Spanish,2000,670,Territorial District,Algoma District,,Ontario,true,2000-01-01T00:00:00,
Springwater,2000,21701,Lower Tier,Simcoe County,,Ontario,true,2000-01-01T00:00:00,
St. Catharines,2000,136803,Lower Tier,Niagara Region,,Ontario,true,2000-01-01T00:00:00,
St. Charles,2000,1357,Single Tier,Sudbury District,,Ontario,true,2000-01-01T00:00:00,
St. Clair,2000,14659,Lower Tier,Lambton County,,Ontario,true,2000-01-01T00:00:00,
St. Joseph,2000,1426,Single Tier,Algoma District,,Ontario,true,2000-01-01T00:00:00,
St. Marys,2000,7386,Single Tier,Perth County,,Ontario,true,2000-01-01T00:00:00,
St. Thomas,2000,42840,Single Tier,Elgin County,,Ontario,true,2000-01-01T00:00:00,
Stirling-Rawdon,2000,5015,Lower Tier,Hastings County,,Ontario,true,2000-01-01T00:00:00,
Stone Mills,2000,7826,Lower Tier,Lennox and Addington County,,Ontario,true,2000-01-01T00:00:00,
Stratford,2000,33232,Single Tier,Perth County,,Ontario,true,2000-01-01T00:00:00,
Strathroy-Caradoc,2000,23871,Lower Tier,Middlesex County,,Ontario,true,2000-01-01T00:00:00,
Strong,2000,1566,Single Tier,Parry Sound District,,Ontario,true,2000-01-01T00:00:00,
Sudbury - Territorial District,2000,3762,Territorial District,Sudbury District,,Ontario,true,2000-01-01T00:00:00,
Sundridge,2000,938,Single Tier,Parry Sound District,,Ontario,true,2000-01-01T00:00:00,
Tarbutt and Tarbutt Additional,2000,573,Single Tier,Algoma District,,Ontario,true,2000-01-01T00:00:00,
Tay,2000,11091,Lower Tier,Simcoe County,,Ontario,true,2000-01-01T00:00:00,
Tay Valley,2000,5925,Lower Tier,Lanark County,,Ontario,true,2000-01-01T00:00:00,
Tecumseh,2000,23300,Lower Tier,Essex County,,Ontario,true,2000-01-01T00:00:00,
Tehkummah,2000,450,Single Tier,Manitoulin District,,Ontario,true,2000-01-01T00:00:00,
Temagami,2000,862,Single Tier,Nipissing District,,Ontario,true,2000-01-01T00:00:00,
Temiskaming Shores,2000,9634,Single Tier,Timiskaming District,,Ontario,true,2000-01-01T00:00:00,
Terrace Bay,2000,1528,Single Tier,Thunderbay District,,Ontario,true,2000-01-01T00:00:00,
Thames Centre,2000,13980,Lower Tier,Middlesex County,,Ontario,true,2000-01-01T00:00:00,
The Archipelago,2000,979,Single Tier,Parry Sound District,,Ontario,true,2000-01-01T00:00:00,
The Blue Mountains,2000,9390,Lower Tier,Grey County,,Ontario,true,2000-01-01T00:00:00,
The Nation,2000,13350,Lower Tier,Prescott and Russell,,Ontario,true,2000-01-01T00:00:00,
The North Shore,2000,531,Single Tier,Algoma District,,Ontario,true,2000-01-01T00:00:00,
Thessalon,2000,1260,Single Tier,Algoma District,,Ontario,true,2000-01-01T00:00:00,
Thornloe,2000,92,Single Tier,Timiskaming District,,Ontario,true,2000-01-01T00:00:00,
Thorold,2000,23816,Lower Tier,Niagara Region,,Ontario,true,2000-01-01T00:00:00,
Thunder Bay,2000,108843,Single Tier,Thunderbay District,,Ontario,true,2000-01-01T00:00:00,
Thunder Bay - Territorial District,2000,9837,Territorial District,Thunderbay District,,Ontario,true,2000-01-01T00:00:00,
Tillsonburg,2000,18615,Lower Tier,Oxford County,,Ontario,true,2000-01-01T00:00:00,
Timiskaming - Territorial District,2000,3281,Territorial District,Timiskaming District,,Ontario,true,2000-01-01T00:00:00,
Timmins,2000,41145,Single Tier,Cochrane District,,Ontario,true,2000-01-01T00:00:00,
Tiny,2000,12966,Lower Tier,Simcoe County,,Ontario,true,2000-01-01T00:00:00,
Richmond Hill,2000,202022,Lower Tier,York Region,,Ontario,true,2000-01-01T00:00:00,
Trent Hills,2000,13861,Lower Tier,Northumberland County,,Ontario,true,2000-01-01T00:00:00,
Trent Lakes,2000,6439,Lower Tier,Peterborough County,,Ontario,true,2000-01-01T00:00:00,
Tudor and Cashel,2000,740,Lower Tier,Hastings County,,Ontario,true,2000-01-01T00:00:00,
Tweed,2000,6067,Lower Tier,Hastings County,,Ontario,true,2000-01-01T00:00:00,
Tyendinaga,2000,4538,Lower Tier,Hastings County,,Ontario,true,2000-01-01T00:00:00,
Uxbridge,2000,21556,Lower Tier,Durham Region,,Ontario,true,2000-01-01T00:00:00,
Val Rita-Harty,2000,757,Single Tier,Cochrane District,,Ontario,true,2000-01-01T00:00:00,
Vaughan,2000,323103,Lower Tier,York Region,,Ontario,true,2000-01-01T00:00:00,
Wabaseemoong,2000,815,Territorial District,Kenora District,,Ontario,true,2000-01-01T00:00:00,
Wainfleet,2000,6887,Lower Tier,Niagara Region,,Ontario,true,2000-01-01T00:00:00,
Warwick,2000,3641,Lower Tier,Lambton County,,Ontario,true,2000-01-01T00:00:00,
Wasaga Beach,2000,24862,Lower Tier,Simcoe County,,Ontario,true,2000-01-01T00:00:00,
Waterloo,2000,121436,Lower Tier,Waterloo Region,,Ontario,true,2000-01-01T00:00:00,
Wawa,2000,2705,Single Tier,Algoma District,,Ontario,true,2000-01-01T00:00:00,
Welland,2000,55750,Lower Tier,Niagara Region,,Ontario,true,2000-01-01T00:00:00,
Wellesley,2000,11318,Lower Tier,Waterloo Region,,Ontario,true,2000-01-01T00:00:00,
Wellington North,2000,12431,Lower Tier,Wellington County,,Ontario,true,2000-01-01T00:00:00,
West Elgin,2000,5060,Lower Tier,Elgin County,,Ontario,true,2000-01-01T00:00:00,
West Grey,2000,13131,Lower Tier,Grey County,,Ontario,true,2000-01-01T00:00:00,
West Lincoln,2000,15454,Lower Tier,Niagara Region,,Ontario,true,2000-01-01T00:00:00,
West Nipissing,2000,14583,Single Tier,Nipissing District,,Ontario,true,2000-01-01T00:00:00,
West Perth,2000,9038,Lower Tier,Perth County,,Ontario,true,2000-01-01T00:00:00,
Westport,2000,634,Lower Tier,Leeds and Grenville,,Ontario,true,2000-01-01T00:00:00,
Whitby,2000,138501,Lower Tier,Durham Region,,Ontario,true,2000-01-01T00:00:00,
Whitchurch-Stouffville,2000,49864,Lower Tier,York Region,,Ontario,true,2000-01-01T00:00:00,
White River,2000,557,Single Tier,Algoma District,,Ontario,true,2000-01-01T00:00:00,
Whitestone,2000,1075,Single Tier,Parry Sound District,,Ontario,true,2000-01-01T00:00:00,
Whitewater,2000,7225,Lower Tier,Renfrew County,,Ontario,true,2000-01-01T00:00:00,
Wikwemikong Unceded,2000,2728,Territorial District,Manitoulin District,,Ontario,true,2000-01-01T00:00:00,
Wilmot,2000,21429,Lower Tier,Waterloo Region,,Ontario,true,2000-01-01T00:00:00,
Windsor,2000,229660,Single Tier,Essex County,,Ontario,true,2000-01-01T00:00:00,
Wollaston,2000,721,Lower Tier,Hastings County,,Ontario,true,2000-01-01T00:00:00,
Woodstock,2000,46705,Lower Tier,Oxford County,,Ontario,true,2000-01-01T00:00:00,
Woolwich,2000,26999,Lower Tier,Waterloo Region,,Ontario,true,2000-01-01T00:00:00,
Zorra,2000,8628,Lower Tier,Oxford County,,Ontario,true,2000-01-01T00:00:00,
